"TargetModule","Coverage"
"bst2","0.8636363636363636"
"bst2","0.8636363636363636"
"bst2","0.6454545454545455"
"bst2","0.6"
"bst2","0.6636363636363637"
"bst2","0.8909090909090909"
"bst2","0.6363636363636364"
"bst2","0.8909090909090909"
"bst2","0.6818181818181818"
"bst2","0.6545454545454545"
"bst2","0.6636363636363637"
