"TargetModule","Coverage"
"dll","0.9183673469387755"
"dll","0.9183673469387755"
"dll","0.9183673469387755"
"dll","0.9183673469387755"
"dll","0.9183673469387755"
"dll","0.9183673469387755"
"dll","0.9183673469387755"
"dll","0.9183673469387755"
"dll","0.9183673469387755"
"dll","0.9183673469387755"
"dll","0.9183673469387755"
