"TargetModule","Coverage"
"mergesort","0.9090909090909091"
"mergesort","0.9090909090909091"
"mergesort","0.9090909090909091"
"mergesort","0.9090909090909091"
"mergesort","0.9090909090909091"
"mergesort","0.9090909090909091"
"mergesort","0.9090909090909091"
"mergesort","0.9090909090909091"
"mergesort","0.9090909090909091"
