"TargetModule","Coverage"
"edit_distance","0.8787878787878788"
"edit_distance","0.8787878787878788"
"edit_distance","0.8787878787878788"
"edit_distance","0.8787878787878788"
"edit_distance","0.8787878787878788"
"edit_distance","0.8787878787878788"
"edit_distance","0.8787878787878788"
"edit_distance","0.8787878787878788"
"edit_distance","0.8787878787878788"
"edit_distance","0.8787878787878788"
"edit_distance","0.8787878787878788"
