"TargetModule","Coverage"
"heapsort","0.7647058823529411"
"heapsort","0.7647058823529411"
"heapsort","1.0"
"heapsort","0.7647058823529411"
"heapsort","0.7647058823529411"
"heapsort","0.7647058823529411"
"heapsort","0.7647058823529411"
"heapsort","0.7647058823529411"
"heapsort","1.0"
