"TargetModule","Coverage"
"fenwick_tree","0.9230769230769231"
"fenwick_tree","0.9230769230769231"
"fenwick_tree","0.9230769230769231"
"fenwick_tree","0.9230769230769231"
"fenwick_tree","0.8461538461538461"
"fenwick_tree","0.9230769230769231"
"fenwick_tree","0.9230769230769231"
"fenwick_tree","0.9230769230769231"
"fenwick_tree","0.9230769230769231"
"fenwick_tree","0.9230769230769231"
