"TargetModule","Coverage"
"linked_list1","0.8571428571428571"
"linked_list1","0.8571428571428571"
"linked_list1","0.8571428571428571"
"linked_list1","0.7619047619047619"
"linked_list1","0.8571428571428571"
"linked_list1","0.8571428571428571"
"linked_list1","0.7619047619047619"
"linked_list1","0.8571428571428571"
"linked_list1","0.8571428571428571"
