"TargetModule","Coverage"
"hash_map","0.9583333333333334"
"hash_map","1.0"
"hash_map","0.9166666666666666"
"hash_map","0.9583333333333334"
"hash_map","0.9166666666666666"
"hash_map","1.0"
"hash_map","0.9583333333333334"
"hash_map","0.9166666666666666"
"hash_map","0.9583333333333334"
"hash_map","1.0"
"hash_map","0.9583333333333334"
"hash_map","0.9166666666666666"
"hash_map","0.9166666666666666"
"hash_map","1.0"
"hash_map","0.9583333333333334"
"hash_map","0.9583333333333334"
"hash_map","0.9583333333333334"
