Temperature,Average
0-0,0
0-1,0
0-2,0
0-3,0
0-4,0
0-5,87.25333333333333
0-6,91.18
0-7,83.82
0-8,86.27333333333333
0-9,79.41
1-0,85.29
