Temperature,Average
0-0,0
0-1,0
0-2,0
0-3,0
0-4,0
0-5,88.73
0-6,88.73
0-7,85.21000000000001
0-8,86.85333333333334
0-9,84.50666666666667
1-0,88.73
