Temperature,Average
0-0,0
0-1,0
0-2,0
0-3,0
0-4,80.0
0-5,80.0
0-6,80.0
0-7,79.75
0-8,79.58333333333333
0-9,79.6875
1-0,79.61538461538461
