Temperature,Average
0-0,0
0-1,0
0-2,0
0-3,0
0-4,0
0-5,93.1
0-6,93.1
0-7,91.38
0-8,89.66
0-9,92.23999999999998
1-0,93.10000000000001
