Temperature,Average
0-0,0
0-1,0
0-2,0
0-3,0
0-4,0
0-5,98.21
0-6,98.21
0-7,91.07
0-8,96.43
0-9,92.85499999999999
1-0,95.23833333333334
