"TargetModule","Coverage"
"dijkstras","0.05263157894736842"
"dijkstras","0.05263157894736842"
"dijkstras","0.05263157894736842"
"dijkstras","0.05263157894736842"
"dijkstras","0.05263157894736842"
"dijkstras","0.05263157894736842"
"dijkstras","0.05263157894736842"
"dijkstras","0.05263157894736842"
"dijkstras","0.05263157894736842"
"dijkstras","0.05263157894736842"
"dijkstras","0.05263157894736842"
