{"meta": {"format": 3, "version": "7.6.2", "timestamp": "2024-10-11T13:06:32.418646", "branch_coverage": true, "show_contexts": false}, "files": {"edit_distance.py": {"executed_lines": [1, 11, 14, 17, 19, 21, 22, 25, 26, 27, 30, 31, 32, 34, 35, 39, 40, 41, 44, 45, 46, 47, 48, 49, 52, 53, 55, 56, 65, 66, 67, 68, 69, 70, 71, 73, 75, 77, 78, 79, 80, 83, 84, 86], "summary": {"covered_lines": 44, "num_statements": 44, "percent_covered": 95.45454545454545, "percent_covered_display": "95", "missing_lines": 0, "excluded_lines": 0, "num_branches": 22, "num_partial_branches": 3, "covered_branches": 19, "missing_branches": 3}, "missing_lines": [], "excluded_lines": [], "executed_branches": [[25, 26], [25, 30], [30, 31], [30, 34], [39, 40], [39, 65], [40, 39], [40, 41], [44, 45], [46, 47], [48, 49], [68, 69], [68, 86], [70, 71], [70, 78], [71, 73], [71, 75], [78, 79], [78, 83]], "missing_branches": [[44, 46], [46, 48], [48, 52]], "functions": {"calculate_edit_distance": {"executed_lines": [11, 14, 17, 19, 21, 22, 25, 26, 27, 30, 31, 32, 34, 35, 39, 40, 41, 44, 45, 46, 47, 48, 49, 52, 53, 55, 56, 65, 66, 67, 68, 69, 70, 71, 73, 75, 77, 78, 79, 80, 83, 84, 86], "summary": {"covered_lines": 43, "num_statements": 43, "percent_covered": 95.38461538461539, "percent_covered_display": "95", "missing_lines": 0, "excluded_lines": 0, "num_branches": 22, "num_partial_branches": 3, "covered_branches": 19, "missing_branches": 3}, "missing_lines": [], "excluded_lines": [], "executed_branches": [[25, 26], [25, 30], [30, 31], [30, 34], [39, 40], [39, 65], [40, 39], [40, 41], [44, 45], [46, 47], [48, 49], [68, 69], [68, 86], [70, 71], [70, 78], [71, 73], [71, 75], [78, 79], [78, 83]], "missing_branches": [[44, 46], [46, 48], [48, 52]]}, "": {"executed_lines": [1], "summary": {"covered_lines": 1, "num_statements": 1, "percent_covered": 100.0, "percent_covered_display": "100", "missing_lines": 0, "excluded_lines": 0, "num_branches": 0, "num_partial_branches": 0, "covered_branches": 0, "missing_branches": 0}, "missing_lines": [], "excluded_lines": [], "executed_branches": [], "missing_branches": []}}, "classes": {"": {"executed_lines": [1, 11, 14, 17, 19, 21, 22, 25, 26, 27, 30, 31, 32, 34, 35, 39, 40, 41, 44, 45, 46, 47, 48, 49, 52, 53, 55, 56, 65, 66, 67, 68, 69, 70, 71, 73, 75, 77, 78, 79, 80, 83, 84, 86], "summary": {"covered_lines": 44, "num_statements": 44, "percent_covered": 95.45454545454545, "percent_covered_display": "95", "missing_lines": 0, "excluded_lines": 0, "num_branches": 22, "num_partial_branches": 3, "covered_branches": 19, "missing_branches": 3}, "missing_lines": [], "excluded_lines": [], "executed_branches": [[25, 26], [25, 30], [30, 31], [30, 34], [39, 40], [39, 65], [40, 39], [40, 41], [44, 45], [46, 47], [48, 49], [68, 69], [68, 86], [70, 71], [70, 78], [71, 73], [71, 75], [78, 79], [78, 83]], "missing_branches": [[44, 46], [46, 48], [48, 52]]}}}}, "totals": {"covered_lines": 44, "num_statements": 44, "percent_covered": 95.45454545454545, "percent_covered_display": "95", "missing_lines": 0, "excluded_lines": 0, "num_branches": 22, "num_partial_branches": 3, "covered_branches": 19, "missing_branches": 3}}