"TargetModule","Coverage"
"linked_list2","0.9722222222222222"
"linked_list2","0.9722222222222222"
"linked_list2","0.9722222222222222"
"linked_list2","0.9722222222222222"
"linked_list2","0.9722222222222222"
"linked_list2","0.9722222222222222"
"linked_list2","0.9722222222222222"
"linked_list2","0.9722222222222222"
"linked_list2","0.9722222222222222"
